idTeacher,fullName,gender,email,phone
5001,Tô Hoàng Lan,0,teacher5000@sis.hust.edu.vn,0949802218
5002,Vũ Kiến Bình,1,teacher5001@sis.hust.edu.vn,0973892286
5003,Dương Quang Tú,1,teacher5002@sis.hust.edu.vn,0973892286
5004,Phạm Việt Thi,0,teacher5003@sis.hust.edu.vn,0949802218
5005,Vũ Nguyết Ánh,0,teacher5004@sis.hust.edu.vn,0949802218
5006,Nguyễn Hoa Lý,0,teacher5005@sis.hust.edu.vn,0949802218
5007,Đặng Tùng Linh,0,teacher5006@sis.hust.edu.vn,0949802218
5008,Bùi Tố Loan,0,teacher5007@sis.hust.edu.vn,0949802218
5009,Đinh Quang Bửu,1,teacher5008@sis.hust.edu.vn,0973892286
5010,Lê Ngọc Phụng,0,teacher5009@sis.hust.edu.vn,0949802218
5011,Lã Hồng Nhuận,1,teacher5010@sis.hust.edu.vn,0973892286
5012,Võ Quốc Thông,1,teacher5011@sis.hust.edu.vn,0973892286
5013,Lã Vân Trinh,0,teacher5012@sis.hust.edu.vn,0949802218
5014,Vũ Xuân Hương,0,teacher5013@sis.hust.edu.vn,0949802218
5015,Phạm Ngọc Hạnh,0,teacher5014@sis.hust.edu.vn,0949802218
5016,Hồ Xuân Dung,0,teacher5015@sis.hust.edu.vn,0949802218
5017,Lý Thụy Trâm,0,teacher5016@sis.hust.edu.vn,0949802218
5018,Phạm Việt Mi,0,teacher5017@sis.hust.edu.vn,0949802218
5019,Tô Nhật Hà,0,teacher5018@sis.hust.edu.vn,0949802218
5020,Ngô Hải Ðường,0,teacher5019@sis.hust.edu.vn,0949802218
5021,Trần Thịnh Cường,1,teacher5020@sis.hust.edu.vn,0973892286
5022,Phan Thúy Anh,0,teacher5021@sis.hust.edu.vn,0949802218
5023,Đặng Thục Tâm,0,teacher5022@sis.hust.edu.vn,0949802218
5024,Lã Thục Khuê,0,teacher5023@sis.hust.edu.vn,0949802218
5025,Lê Minh Hoàng,1,teacher5024@sis.hust.edu.vn,0973892286
5026,Hoàng Ấu Lăng,0,teacher5025@sis.hust.edu.vn,0949802218
5027,Lã Thủy Tâm,0,teacher5026@sis.hust.edu.vn,0949802218
5028,Đặng Khắc Anh,1,teacher5027@sis.hust.edu.vn,0973892286
5029,Đặng Cát Ly,0,teacher5028@sis.hust.edu.vn,0949802218
5030,Hoàng Hoàng Mỹ,1,teacher5029@sis.hust.edu.vn,0973892286
5031,Đỗ Như Khang,1,teacher5030@sis.hust.edu.vn,0973892286
5032,Nguyễn Hữu Bào,1,teacher5031@sis.hust.edu.vn,0973892286
5033,Tô Nghị Quyền,1,teacher5032@sis.hust.edu.vn,0973892286
5034,Vũ Bảo Lâm,1,teacher5033@sis.hust.edu.vn,0973892286
5035,Hoàng Cường Thịnh,1,teacher5034@sis.hust.edu.vn,0973892286
5036,Đặng Mỹ Nga,0,teacher5035@sis.hust.edu.vn,0949802218
5037,Phan Tài Ðức,1,teacher5036@sis.hust.edu.vn,0973892286
5038,Nguyễn Nhã Ý,0,teacher5037@sis.hust.edu.vn,0949802218
5039,Đinh Hạnh Thảo,0,teacher5038@sis.hust.edu.vn,0949802218
5040,Lã Quang Linh,1,teacher5039@sis.hust.edu.vn,0973892286
5041,Trần Mỹ Nhân,0,teacher5040@sis.hust.edu.vn,0949802218
5042,Đặng Diệu Ái,0,teacher5041@sis.hust.edu.vn,0949802218
5043,Võ Bá Trúc,1,teacher5042@sis.hust.edu.vn,0973892286
5044,Trần Diên Vỹ,0,teacher5043@sis.hust.edu.vn,0949802218
5045,Trần Bạch Yến,0,teacher5044@sis.hust.edu.vn,0949802218
5046,Tô Quảng Ðại,1,teacher5045@sis.hust.edu.vn,0973892286
5047,Bùi Thanh Ngọc,0,teacher5046@sis.hust.edu.vn,0949802218
5048,Hồ Hữu Nghị,1,teacher5047@sis.hust.edu.vn,0973892286
5049,Lý Vĩnh Hải,1,teacher5048@sis.hust.edu.vn,0973892286
5050,Phan Diệu Thúy,0,teacher5049@sis.hust.edu.vn,0949802218
5051,Võ An Nhàn,0,teacher5050@sis.hust.edu.vn,0949802218
5052,Hoàng Thúy Vy,0,teacher5051@sis.hust.edu.vn,0949802218
5053,Lê Kiên Giang,1,teacher5052@sis.hust.edu.vn,0973892286
5054,Dương Thanh Tịnh,1,teacher5053@sis.hust.edu.vn,0973892286
5055,Đỗ Ngọc Quỳnh,0,teacher5054@sis.hust.edu.vn,0949802218
5056,Đinh Phượng Long,1,teacher5055@sis.hust.edu.vn,0973892286
5057,Ngô Gia Hoàng,1,teacher5056@sis.hust.edu.vn,0973892286
5058,Lý Vân Trang,0,teacher5057@sis.hust.edu.vn,0949802218
5059,Tô Thanh Ðoàn,1,teacher5058@sis.hust.edu.vn,0973892286
5060,Vũ Hải Vy,0,teacher5059@sis.hust.edu.vn,0949802218
5061,Vũ Mỹ Nương,0,teacher5060@sis.hust.edu.vn,0949802218
5062,Phạm Hồng Diễm,0,teacher5061@sis.hust.edu.vn,0949802218
5063,Lý Quỳnh Phương,0,teacher5062@sis.hust.edu.vn,0949802218
5064,Trần Việt Khang,1,teacher5063@sis.hust.edu.vn,0973892286
5065,Nguyễn Phụng Việt,1,teacher5064@sis.hust.edu.vn,0973892286
5066,Lã Chí Dũng,1,teacher5065@sis.hust.edu.vn,0973892286
5067,Đỗ Mạnh Trường,1,teacher5066@sis.hust.edu.vn,0973892286
5068,Lê Hồng Phương,0,teacher5067@sis.hust.edu.vn,0949802218
5069,Vũ Mộng Hoàn,1,teacher5068@sis.hust.edu.vn,0973892286
5070,Lê Diệu Ngà,0,teacher5069@sis.hust.edu.vn,0949802218
5071,Trần Xuân Thảo,0,teacher5070@sis.hust.edu.vn,0949802218
5072,Dương Trọng Kiên,1,teacher5071@sis.hust.edu.vn,0973892286
5073,Phan Trọng Nhân,1,teacher5072@sis.hust.edu.vn,0973892286
5074,Đinh Hải Mỹ,0,teacher5073@sis.hust.edu.vn,0949802218
5075,Lê Cao Tiến,1,teacher5074@sis.hust.edu.vn,0973892286
5076,Bùi Lan Anh,0,teacher5075@sis.hust.edu.vn,0949802218
5077,Dương Tấn Nam,1,teacher5076@sis.hust.edu.vn,0973892286
5078,Hồ Mỹ Tâm,0,teacher5077@sis.hust.edu.vn,0949802218
5079,Lý Phượng Nhi,0,teacher5078@sis.hust.edu.vn,0949802218
5080,Dương Tuyết Mai,0,teacher5079@sis.hust.edu.vn,0949802218
5081,Hồ Nguyệt Hà,0,teacher5080@sis.hust.edu.vn,0949802218
5082,Phạm Thúy Liễu,0,teacher5081@sis.hust.edu.vn,0949802218
5083,Đặng Hải Quân,1,teacher5082@sis.hust.edu.vn,0973892286
5084,Lý Kiều Anh,0,teacher5083@sis.hust.edu.vn,0949802218
5085,Hoàng Hoàng Thư,0,teacher5084@sis.hust.edu.vn,0949802218
5086,Trần Bảo Ðịnh,1,teacher5085@sis.hust.edu.vn,0973892286
5087,Dương Bảo Lễ,0,teacher5086@sis.hust.edu.vn,0949802218
5088,Hồ Thành Tín,1,teacher5087@sis.hust.edu.vn,0973892286
5089,Dương Công Lộc,1,teacher5088@sis.hust.edu.vn,0973892286
5090,Tô Quang Dương,1,teacher5089@sis.hust.edu.vn,0973892286
5091,Bùi Thúy Hường,0,teacher5090@sis.hust.edu.vn,0949802218
5092,Đặng Ân Thiện,1,teacher5091@sis.hust.edu.vn,0973892286
5093,Phùng Quốc Mỹ,1,teacher5092@sis.hust.edu.vn,0973892286
5094,Hồ Tấn Trương,1,teacher5093@sis.hust.edu.vn,0973892286
5095,Phạm Băng Tâm,0,teacher5094@sis.hust.edu.vn,0949802218
5096,Bùi Trúc Vân,0,teacher5095@sis.hust.edu.vn,0949802218
5097,Hồ Bảo Tín,1,teacher5096@sis.hust.edu.vn,0973892286
5098,Dương Thúy Liên,0,teacher5097@sis.hust.edu.vn,0949802218
5099,Đặng Dạ Thi,0,teacher5098@sis.hust.edu.vn,0949802218
5100,Trần Nhật Thịnh,1,teacher5099@sis.hust.edu.vn,0973892286
5101,Đỗ Ðại Ngọc,1,teacher5100@sis.hust.edu.vn,0973892286
5102,Ngô Duy Tiếp,1,teacher5101@sis.hust.edu.vn,0973892286
5103,Đặng Anh Vũ,0,teacher5102@sis.hust.edu.vn,0949802218
5104,Ngô Ðăng Khoa,1,teacher5103@sis.hust.edu.vn,0973892286
5105,Vũ Ðông Nguyên,1,teacher5104@sis.hust.edu.vn,0973892286
5106,Vũ Ðức Long,1,teacher5105@sis.hust.edu.vn,0973892286
5107,Võ Minh Hỷ,1,teacher5106@sis.hust.edu.vn,0973892286
5108,Bùi Tường Vy,0,teacher5107@sis.hust.edu.vn,0949802218
5109,Bùi Hoàng Thái,1,teacher5108@sis.hust.edu.vn,0973892286
5110,Lã Thanh Phong,1,teacher5109@sis.hust.edu.vn,0973892286
5111,Hoàng Thy Vân,0,teacher5110@sis.hust.edu.vn,0949802218
5112,Hồ Thạch Tùng,1,teacher5111@sis.hust.edu.vn,0973892286
5113,Lý Tuấn Thành,1,teacher5112@sis.hust.edu.vn,0973892286
5114,Dương Thụy Du,1,teacher5113@sis.hust.edu.vn,0973892286
5115,Phan Tiểu My,0,teacher5114@sis.hust.edu.vn,0949802218
5116,Đặng Thiệu Bảo,1,teacher5115@sis.hust.edu.vn,0973892286
5117,Hoàng Đoan Thanh,0,teacher5116@sis.hust.edu.vn,0949802218
5118,Lã Thảo Trang,0,teacher5117@sis.hust.edu.vn,0949802218
5119,Trần Trúc Liên,0,teacher5118@sis.hust.edu.vn,0949802218
5120,Hồ Hồng Thủy,0,teacher5119@sis.hust.edu.vn,0949802218
5121,Lã Nguyệt Cầm,0,teacher5120@sis.hust.edu.vn,0949802218
5122,Tô Minh Thảo,0,teacher5121@sis.hust.edu.vn,0949802218
5123,Hồ Mỹ Kiều,0,teacher5122@sis.hust.edu.vn,0949802218
5124,Nguyễn Nguyệt Cầm,0,teacher5123@sis.hust.edu.vn,0949802218
5125,Lã Hồ Nam,1,teacher5124@sis.hust.edu.vn,0973892286
5126,Bùi Minh Hiên,1,teacher5125@sis.hust.edu.vn,0973892286
5127,Đặng Bảo Vy,0,teacher5126@sis.hust.edu.vn,0949802218
5128,Võ Chí Giang,1,teacher5127@sis.hust.edu.vn,0973892286
5129,Tô Thanh Trung,1,teacher5128@sis.hust.edu.vn,0973892286
5130,Bùi Thế Lâm,1,teacher5129@sis.hust.edu.vn,0973892286
5131,Phùng Thiếu Mai,0,teacher5130@sis.hust.edu.vn,0949802218
5132,Tô Như Tâm,0,teacher5131@sis.hust.edu.vn,0949802218
5133,Nguyễn Khắc Anh,1,teacher5132@sis.hust.edu.vn,0973892286
5134,Võ Cao Thọ,1,teacher5133@sis.hust.edu.vn,0973892286
5135,Đinh Việt Duy,1,teacher5134@sis.hust.edu.vn,0973892286
5136,Lã Tường Vy,0,teacher5135@sis.hust.edu.vn,0949802218
5137,Lê Hữu Lương,1,teacher5136@sis.hust.edu.vn,0973892286
5138,Võ Quốc Hải,1,teacher5137@sis.hust.edu.vn,0973892286
5139,Đỗ Vinh Diệu,1,teacher5138@sis.hust.edu.vn,0973892286
5140,Đặng Kim Khanh,0,teacher5139@sis.hust.edu.vn,0949802218
5141,Bùi Ðức Phi,1,teacher5140@sis.hust.edu.vn,0973892286
5142,Võ Chánh Việt,1,teacher5141@sis.hust.edu.vn,0973892286
5143,Đặng Bá Kỳ,1,teacher5142@sis.hust.edu.vn,0973892286
5144,Dương Nguyên Giang,1,teacher5143@sis.hust.edu.vn,0973892286
5145,Lý Nhật Phương,0,teacher5144@sis.hust.edu.vn,0949802218
5146,Trần Khánh Ly,0,teacher5145@sis.hust.edu.vn,0949802218
5147,Tô Hạnh Thảo,0,teacher5146@sis.hust.edu.vn,0949802218
5148,Ngô Ðinh Lộc,1,teacher5147@sis.hust.edu.vn,0973892286
5149,Dương Bảo Hân,0,teacher5148@sis.hust.edu.vn,0949802218
5150,Phạm Hải My,0,teacher5149@sis.hust.edu.vn,0949802218
5151,Trần Xuân Yến,0,teacher5150@sis.hust.edu.vn,0949802218
5152,Vũ Mai Liên,0,teacher5151@sis.hust.edu.vn,0949802218
5153,Đinh Thanh Hào,1,teacher5152@sis.hust.edu.vn,0973892286
5154,Tô Thành Nhân,1,teacher5153@sis.hust.edu.vn,0973892286
5155,Dương Hàm Duyên,0,teacher5154@sis.hust.edu.vn,0949802218
5156,Tô Phúc Thịnh,1,teacher5155@sis.hust.edu.vn,0973892286
5157,Ngô Ðắc Thành,1,teacher5156@sis.hust.edu.vn,0973892286
5158,Phạm Ngọc Cảnh,1,teacher5157@sis.hust.edu.vn,0973892286
5159,Phan Quỳnh Thanh,0,teacher5158@sis.hust.edu.vn,0949802218
5160,Võ An Cơ,1,teacher5159@sis.hust.edu.vn,0973892286
5161,Ngô Công Giang,1,teacher5160@sis.hust.edu.vn,0973892286
5162,Vũ Hàm Ý,0,teacher5161@sis.hust.edu.vn,0949802218
5163,Ngô Xuân Thiện,1,teacher5162@sis.hust.edu.vn,0973892286
5164,Lã Kim Đan,0,teacher5163@sis.hust.edu.vn,0949802218
5165,Hoàng Thắng Lợi,1,teacher5164@sis.hust.edu.vn,0973892286
5166,Đinh Tấn Dũng,1,teacher5165@sis.hust.edu.vn,0973892286
5167,Lý Diễm Thúy,0,teacher5166@sis.hust.edu.vn,0949802218
5168,Dương Hữu Khôi,1,teacher5167@sis.hust.edu.vn,0973892286
5169,Võ Hồng Nhạn,0,teacher5168@sis.hust.edu.vn,0949802218
5170,Phùng Hoài Phương,0,teacher5169@sis.hust.edu.vn,0949802218
5171,Lã Quang Ninh,1,teacher5170@sis.hust.edu.vn,0973892286
5172,Dương Bình Ðạt,1,teacher5171@sis.hust.edu.vn,0973892286
5173,Lý Vân Tiên,0,teacher5172@sis.hust.edu.vn,0949802218
5174,Hoàng Lâm Nhi,0,teacher5173@sis.hust.edu.vn,0949802218
5175,Đinh Ðức Bằng,1,teacher5174@sis.hust.edu.vn,0973892286
5176,Phan Ðình Thiện,1,teacher5175@sis.hust.edu.vn,0973892286
5177,Hồ Hải Phong,1,teacher5176@sis.hust.edu.vn,0973892286
5178,Phùng Phương Thi,0,teacher5177@sis.hust.edu.vn,0949802218
5179,Lê Tâm Nguyệt,0,teacher5178@sis.hust.edu.vn,0949802218
5180,Bùi Ðình Nam,1,teacher5179@sis.hust.edu.vn,0973892286
5181,Phạm Khánh Hội,1,teacher5180@sis.hust.edu.vn,0973892286
5182,Lý Thái Minh,1,teacher5181@sis.hust.edu.vn,0973892286
5183,Bùi Thúy Hằng,0,teacher5182@sis.hust.edu.vn,0949802218
5184,Vũ Phúc Lâm,1,teacher5183@sis.hust.edu.vn,0973892286
5185,Phùng Mạnh Hùng,1,teacher5184@sis.hust.edu.vn,0973892286
5186,Phùng Thanh Kiên,1,teacher5185@sis.hust.edu.vn,0973892286
5187,Đặng Huyền Trân,0,teacher5186@sis.hust.edu.vn,0949802218
5188,Dương Hiền Nhi,0,teacher5187@sis.hust.edu.vn,0949802218
5189,Dương Viễn Ðông,1,teacher5188@sis.hust.edu.vn,0973892286
5190,Đỗ Nhật Duy,1,teacher5189@sis.hust.edu.vn,0973892286
5191,Lê Hà Hải,1,teacher5190@sis.hust.edu.vn,0973892286
5192,Ngô Phương Tâm,0,teacher5191@sis.hust.edu.vn,0949802218
5193,Trần Phú Hưng,1,teacher5192@sis.hust.edu.vn,0973892286
5194,Hồ Tiên Phương,0,teacher5193@sis.hust.edu.vn,0949802218
5195,Võ Anh Phương,0,teacher5194@sis.hust.edu.vn,0949802218
5196,Võ Quang Nhật,1,teacher5195@sis.hust.edu.vn,0973892286
5197,Lý Ly Châu,0,teacher5196@sis.hust.edu.vn,0949802218
5198,Lã Việt Thông,1,teacher5197@sis.hust.edu.vn,0973892286
5199,Phan Bạch Tuyết,0,teacher5198@sis.hust.edu.vn,0949802218
5200,Phan Quang Tú,1,teacher5199@sis.hust.edu.vn,0973892286
5201,Đỗ Thúy Vy,0,teacher5200@sis.hust.edu.vn,0949802218
5202,Vũ Ái Nhi,0,teacher5201@sis.hust.edu.vn,0949802218
5203,Phạm Thu Nga,0,teacher5202@sis.hust.edu.vn,0949802218
5204,Nguyễn Hùng Tường,1,teacher5203@sis.hust.edu.vn,0973892286
5205,Dương Khánh Hòa,1,teacher5204@sis.hust.edu.vn,0973892286
5206,Lã Oanh Thơ,0,teacher5205@sis.hust.edu.vn,0949802218
5207,Bùi Tuyết Trinh,0,teacher5206@sis.hust.edu.vn,0949802218
5208,Phan Hạ Uyên,0,teacher5207@sis.hust.edu.vn,0949802218
5209,Hồ Ðồng Dao,0,teacher5208@sis.hust.edu.vn,0949802218
5210,Đỗ Thanh Ngân,0,teacher5209@sis.hust.edu.vn,0949802218
5211,Đặng Ðắc Lực,1,teacher5210@sis.hust.edu.vn,0973892286
5212,Vũ Huệ Phương,0,teacher5211@sis.hust.edu.vn,0949802218
5213,Hoàng Thanh Nhung,0,teacher5212@sis.hust.edu.vn,0949802218
5214,Bùi Hòa Lạc,1,teacher5213@sis.hust.edu.vn,0973892286
5215,Đặng Thanh Xuân,0,teacher5214@sis.hust.edu.vn,0949802218
5216,Lý Khải Hà,0,teacher5215@sis.hust.edu.vn,0949802218
5217,Đặng Phúc Hòa,1,teacher5216@sis.hust.edu.vn,0973892286
5218,Trần Mỹ Nhân,0,teacher5217@sis.hust.edu.vn,0949802218
5219,Ngô Thảo Uyên,0,teacher5218@sis.hust.edu.vn,0949802218
5220,Lê Hạnh San,0,teacher5219@sis.hust.edu.vn,0949802218
5221,Phạm Thiên Duyên,0,teacher5220@sis.hust.edu.vn,0949802218
5222,Hồ Ngọc Nhi,0,teacher5221@sis.hust.edu.vn,0949802218
5223,Phan Cao Phong,1,teacher5222@sis.hust.edu.vn,0973892286
5224,Phùng Hồng Quang,1,teacher5223@sis.hust.edu.vn,0973892286
5225,Vũ Trúc Mai,0,teacher5224@sis.hust.edu.vn,0949802218
5226,Trần Nhã Khanh,0,teacher5225@sis.hust.edu.vn,0949802218
5227,Hoàng Thơ Thơ,0,teacher5226@sis.hust.edu.vn,0949802218
5228,Đỗ Hùng Dũng,1,teacher5227@sis.hust.edu.vn,0973892286
5229,Đinh Minh Ngọc,0,teacher5228@sis.hust.edu.vn,0949802218
5230,Tô Quỳnh Hương,0,teacher5229@sis.hust.edu.vn,0949802218
5231,Vũ Mai Hà,0,teacher5230@sis.hust.edu.vn,0949802218
5232,Nguyễn Quốc Hiển,1,teacher5231@sis.hust.edu.vn,0973892286
5233,Ngô Ðoan Trang,0,teacher5232@sis.hust.edu.vn,0949802218
5234,Trần Ðình Hảo,1,teacher5233@sis.hust.edu.vn,0973892286
5235,Phùng Nam Ninh,1,teacher5234@sis.hust.edu.vn,0973892286
5236,Lã Ðức Khang,1,teacher5235@sis.hust.edu.vn,0973892286
5237,Ngô Hạnh Tường,1,teacher5236@sis.hust.edu.vn,0973892286
5238,Đỗ Thúy Hằng,0,teacher5237@sis.hust.edu.vn,0949802218
5239,Lê Ðăng Minh,1,teacher5238@sis.hust.edu.vn,0973892286
5240,Võ Bảo Tín,1,teacher5239@sis.hust.edu.vn,0973892286
5241,Lê Bích Quân,0,teacher5240@sis.hust.edu.vn,0949802218
5242,Dương Phương Chi,0,teacher5241@sis.hust.edu.vn,0949802218
5243,Dương Hữu Nam,1,teacher5242@sis.hust.edu.vn,0973892286
5244,Dương Quảng Ðại,1,teacher5243@sis.hust.edu.vn,0973892286
5245,Ngô Phong Lan,0,teacher5244@sis.hust.edu.vn,0949802218
5246,Trần Minh Nhi,0,teacher5245@sis.hust.edu.vn,0949802218
5247,Đinh Kim Ngọc,0,teacher5246@sis.hust.edu.vn,0949802218
5248,Phùng Trí Dũng,1,teacher5247@sis.hust.edu.vn,0973892286
5249,Dương Quỳnh Nhung,0,teacher5248@sis.hust.edu.vn,0949802218
5250,Vũ Tuấn Sỹ,1,teacher5249@sis.hust.edu.vn,0973892286
5251,Lã Uyển Nhi,0,teacher5250@sis.hust.edu.vn,0949802218
5252,Tô Như Ngà,0,teacher5251@sis.hust.edu.vn,0949802218
5253,Hoàng Mộng Nhi,0,teacher5252@sis.hust.edu.vn,0949802218
5254,Võ Long Vịnh,1,teacher5253@sis.hust.edu.vn,0973892286
5255,Trần Tâm Nguyên,0,teacher5254@sis.hust.edu.vn,0949802218
5256,Tô Xuân Nhi,0,teacher5255@sis.hust.edu.vn,0949802218
5257,Phạm Cẩm Ly,0,teacher5256@sis.hust.edu.vn,0949802218
5258,Phùng Duy Uyên,0,teacher5257@sis.hust.edu.vn,0949802218
5259,Tô Mỹ Xuân,0,teacher5258@sis.hust.edu.vn,0949802218
5260,Đinh Trúc Cương,1,teacher5259@sis.hust.edu.vn,0973892286
5261,Trần Kiều Hạnh,0,teacher5260@sis.hust.edu.vn,0949802218
5262,Đinh Hiếu Thông,1,teacher5261@sis.hust.edu.vn,0973892286
5263,Vũ Nguyên Khang,1,teacher5262@sis.hust.edu.vn,0973892286
5264,Phạm Nghi Minh,0,teacher5263@sis.hust.edu.vn,0949802218
5265,Nguyễn Trang Anh,0,teacher5264@sis.hust.edu.vn,0949802218
5266,Bùi Hải Châu,0,teacher5265@sis.hust.edu.vn,0949802218
5267,Hồ Phương Lan,0,teacher5266@sis.hust.edu.vn,0949802218
5268,Nguyễn Tuấn Tú,1,teacher5267@sis.hust.edu.vn,0973892286
5269,Võ Tường Minh,1,teacher5268@sis.hust.edu.vn,0973892286
5270,Tô Liễu Oanh,0,teacher5269@sis.hust.edu.vn,0949802218
5271,Hồ Khôi Nguyên,1,teacher5270@sis.hust.edu.vn,0973892286
5272,Nguyễn Danh Văn,1,teacher5271@sis.hust.edu.vn,0973892286
5273,Trần Tuyết Thanh,0,teacher5272@sis.hust.edu.vn,0949802218
5274,Hoàng Lam Giang,0,teacher5273@sis.hust.edu.vn,0949802218
5275,Bùi Hồng Khôi,0,teacher5274@sis.hust.edu.vn,0949802218
5276,Đỗ Tường Vân,0,teacher5275@sis.hust.edu.vn,0949802218
5277,Lý Thái Ðức,1,teacher5276@sis.hust.edu.vn,0973892286
5278,Phùng Bích Phượng,0,teacher5277@sis.hust.edu.vn,0949802218
5279,Võ Viết Tân,1,teacher5278@sis.hust.edu.vn,0973892286
5280,Phùng Tấn Trình,1,teacher5279@sis.hust.edu.vn,0973892286
5281,Lã Huy Thành,1,teacher5280@sis.hust.edu.vn,0973892286
5282,Phan Khánh Hòa,1,teacher5281@sis.hust.edu.vn,0973892286
5283,Đỗ Văn Tuyển,1,teacher5282@sis.hust.edu.vn,0973892286
5284,Đặng Thúy Hà,0,teacher5283@sis.hust.edu.vn,0949802218
5285,Vũ Lan Vy,0,teacher5284@sis.hust.edu.vn,0949802218
5286,Tô Phúc Tâm,1,teacher5285@sis.hust.edu.vn,0973892286
5287,Dương Yến My,0,teacher5286@sis.hust.edu.vn,0949802218
5288,Dương Như Trân,0,teacher5287@sis.hust.edu.vn,0949802218
5289,Đỗ Việt Thông,1,teacher5288@sis.hust.edu.vn,0973892286
5290,Võ Vĩnh Toàn,1,teacher5289@sis.hust.edu.vn,0973892286
5291,Trần Hữu Khôi,1,teacher5290@sis.hust.edu.vn,0973892286
5292,Vũ Tuấn Thành,1,teacher5291@sis.hust.edu.vn,0973892286
5293,Nguyễn Ngọc Loan,0,teacher5292@sis.hust.edu.vn,0949802218
5294,Đinh Trường Nam,1,teacher5293@sis.hust.edu.vn,0973892286
5295,Phan Thanh Uyên,0,teacher5294@sis.hust.edu.vn,0949802218
5296,Hồ Gia Cần,1,teacher5295@sis.hust.edu.vn,0973892286
5297,Đặng Thúy Ngà,0,teacher5296@sis.hust.edu.vn,0949802218
5298,Phùng Chánh Việt,1,teacher5297@sis.hust.edu.vn,0973892286
5299,Hồ Tấn Thành,1,teacher5298@sis.hust.edu.vn,0973892286
5300,Lý Thu Sương,0,teacher5299@sis.hust.edu.vn,0949802218
5301,Phan Lạc Nhân,1,teacher5300@sis.hust.edu.vn,0973892286
5302,Đỗ Thu Hà,0,teacher5301@sis.hust.edu.vn,0949802218
5303,Bùi Gia Bạch,1,teacher5302@sis.hust.edu.vn,0973892286
5304,Đinh Ngọc Mai,0,teacher5303@sis.hust.edu.vn,0949802218
5305,Đặng Ðức Long,1,teacher5304@sis.hust.edu.vn,0973892286
5306,Đinh Xuân Hiếu,1,teacher5305@sis.hust.edu.vn,0973892286
5307,Trần Hải Phương,0,teacher5306@sis.hust.edu.vn,0949802218
5308,Hoàng Bình An,1,teacher5307@sis.hust.edu.vn,0973892286
5309,Phạm Quốc Phong,1,teacher5308@sis.hust.edu.vn,0973892286
5310,Bùi Ái Khanh,0,teacher5309@sis.hust.edu.vn,0949802218
5311,Bùi Thiên An,1,teacher5310@sis.hust.edu.vn,0973892286
5312,Vũ Gia Khiêm,1,teacher5311@sis.hust.edu.vn,0973892286
5313,Đỗ Hồng Như,0,teacher5312@sis.hust.edu.vn,0949802218
5314,Đỗ Tuyền Lâm,1,teacher5313@sis.hust.edu.vn,0973892286
5315,Vũ Trọng Việt,1,teacher5314@sis.hust.edu.vn,0973892286
5316,Lã Hiếu Minh,0,teacher5315@sis.hust.edu.vn,0949802218
5317,Ngô Ân Thiện,1,teacher5316@sis.hust.edu.vn,0973892286
5318,Dương Thúy My,0,teacher5317@sis.hust.edu.vn,0949802218
5319,Nguyễn Yến Anh,0,teacher5318@sis.hust.edu.vn,0949802218
5320,Đặng Quốc Hiền,1,teacher5319@sis.hust.edu.vn,0973892286
5321,Trần Ngọc Anh,0,teacher5320@sis.hust.edu.vn,0949802218
5322,Phùng Bạch Liên,0,teacher5321@sis.hust.edu.vn,0949802218
5323,Hồ Kim Oanh,0,teacher5322@sis.hust.edu.vn,0949802218
5324,Đinh Xuân Hoa,0,teacher5323@sis.hust.edu.vn,0949802218
5325,Phan Quảng Ðạt,1,teacher5324@sis.hust.edu.vn,0973892286
5326,Phạm Bảo Pháp,1,teacher5325@sis.hust.edu.vn,0973892286
5327,Tô Phú Hưng,1,teacher5326@sis.hust.edu.vn,0973892286
5328,Bùi Khánh Hòa,1,teacher5327@sis.hust.edu.vn,0973892286
5329,Phạm Thế Duyệt,1,teacher5328@sis.hust.edu.vn,0973892286
5330,Bùi Thục Quyên,0,teacher5329@sis.hust.edu.vn,0949802218
5331,Nguyễn Ánh Lệ,0,teacher5330@sis.hust.edu.vn,0949802218
5332,Hoàng Ngọc Ðàn,0,teacher5331@sis.hust.edu.vn,0949802218
5333,Lý Minh Lý,1,teacher5332@sis.hust.edu.vn,0973892286
5334,Trần Thu Ngọc,0,teacher5333@sis.hust.edu.vn,0949802218
5335,Đỗ Hồng Việt,1,teacher5334@sis.hust.edu.vn,0973892286
5336,Lý Thu Ngân,0,teacher5335@sis.hust.edu.vn,0949802218
5337,Đỗ Hồng Vinh,1,teacher5336@sis.hust.edu.vn,0973892286
5338,Phạm Huệ Lâm,0,teacher5337@sis.hust.edu.vn,0949802218
5339,Phan Vĩnh Hưng,1,teacher5338@sis.hust.edu.vn,0973892286
5340,Ngô Khánh Ngân,0,teacher5339@sis.hust.edu.vn,0949802218
5341,Đặng Anh Thơ,0,teacher5340@sis.hust.edu.vn,0949802218
5342,Trần Trọng Trí,1,teacher5341@sis.hust.edu.vn,0973892286
5343,Đỗ Ðông Dương,1,teacher5342@sis.hust.edu.vn,0973892286
5344,Đỗ Bích Hảo,0,teacher5343@sis.hust.edu.vn,0949802218
5345,Tô Phượng Vũ,0,teacher5344@sis.hust.edu.vn,0949802218
5346,Lý Nhật Phương,0,teacher5345@sis.hust.edu.vn,0949802218
5347,Phạm Thành Trung,1,teacher5346@sis.hust.edu.vn,0973892286
5348,Dương Hạ Vy,0,teacher5347@sis.hust.edu.vn,0949802218
5349,Đỗ Xuân Hân,0,teacher5348@sis.hust.edu.vn,0949802218
5350,Dương Quỳnh Sa,0,teacher5349@sis.hust.edu.vn,0949802218
5351,Đỗ Lệ Khanh,0,teacher5350@sis.hust.edu.vn,0949802218
5352,Trần Minh Nhân,1,teacher5351@sis.hust.edu.vn,0973892286
5353,Đinh Hiền Nương,0,teacher5352@sis.hust.edu.vn,0949802218
5354,Lý Hữu Tân,1,teacher5353@sis.hust.edu.vn,0973892286
5355,Phan Khôi Vĩ,1,teacher5354@sis.hust.edu.vn,0973892286
5356,Lê Ái Nhi,0,teacher5355@sis.hust.edu.vn,0949802218
5357,Trần Tịnh Nhi,0,teacher5356@sis.hust.edu.vn,0949802218
5358,Lã Kiến Văn,1,teacher5357@sis.hust.edu.vn,0973892286
5359,Lý Quốc Thắng,1,teacher5358@sis.hust.edu.vn,0973892286
5360,Hoàng Quỳnh Dung,0,teacher5359@sis.hust.edu.vn,0949802218
5361,Vũ Tiến Ðức,1,teacher5360@sis.hust.edu.vn,0973892286
5362,Đỗ Ngọc Nữ,0,teacher5361@sis.hust.edu.vn,0949802218
5363,Vũ Hồng Lân,1,teacher5362@sis.hust.edu.vn,0973892286
5364,Phan Tuấn Minh,1,teacher5363@sis.hust.edu.vn,0973892286
5365,Đặng Tố Nhi,0,teacher5364@sis.hust.edu.vn,0949802218
5366,Vũ Phước An,1,teacher5365@sis.hust.edu.vn,0973892286
5367,Phạm Kỳ Anh,0,teacher5366@sis.hust.edu.vn,0949802218
5368,Phùng Gia Uy,1,teacher5367@sis.hust.edu.vn,0973892286
5369,Nguyễn Tú Sương,0,teacher5368@sis.hust.edu.vn,0949802218
5370,Phan Phương Loan,0,teacher5369@sis.hust.edu.vn,0949802218
5371,Đinh Tâm Hạnh,0,teacher5370@sis.hust.edu.vn,0949802218
5372,Nguyễn Ấu Lăng,0,teacher5371@sis.hust.edu.vn,0949802218
5373,Đỗ Như Loan,0,teacher5372@sis.hust.edu.vn,0949802218
5374,Phạm Hải Duyên,0,teacher5373@sis.hust.edu.vn,0949802218
5375,Ngô Hoàng Quân,1,teacher5374@sis.hust.edu.vn,0973892286
5376,Hồ Thảo Vy,0,teacher5375@sis.hust.edu.vn,0949802218
5377,Phùng Thanh Trúc,0,teacher5376@sis.hust.edu.vn,0949802218
5378,Trần Phong Dinh,1,teacher5377@sis.hust.edu.vn,0973892286
5379,Dương Yến Thanh,0,teacher5378@sis.hust.edu.vn,0949802218
5380,Hoàng Thảo Tiên,0,teacher5379@sis.hust.edu.vn,0949802218
5381,Phùng Thùy Uyên,0,teacher5380@sis.hust.edu.vn,0949802218
5382,Phạm Mỹ Xuân,0,teacher5381@sis.hust.edu.vn,0949802218
5383,Hồ Hải Ân,0,teacher5382@sis.hust.edu.vn,0949802218
5384,Phan Khánh Nam,1,teacher5383@sis.hust.edu.vn,0973892286
5385,Phùng Quốc Khánh,1,teacher5384@sis.hust.edu.vn,0973892286
5386,Đặng Ðăng An,1,teacher5385@sis.hust.edu.vn,0973892286
5387,Ngô Tuấn Trung,1,teacher5386@sis.hust.edu.vn,0973892286
5388,Tô Diễm Trang,0,teacher5387@sis.hust.edu.vn,0949802218
5389,Phùng Linh Lan,0,teacher5388@sis.hust.edu.vn,0949802218
5390,Lã Nam Hải,1,teacher5389@sis.hust.edu.vn,0973892286
5391,Đặng Bảo Uyên,0,teacher5390@sis.hust.edu.vn,0949802218
5392,Bùi Thục Vân,0,teacher5391@sis.hust.edu.vn,0949802218
5393,Phan Thuận Hòa,1,teacher5392@sis.hust.edu.vn,0973892286
5394,Đỗ Việt Hương,0,teacher5393@sis.hust.edu.vn,0949802218
5395,Lê Hiếu Học,1,teacher5394@sis.hust.edu.vn,0973892286
5396,Lý Thu Nhiên,0,teacher5395@sis.hust.edu.vn,0949802218
5397,Đinh Thế Phúc,1,teacher5396@sis.hust.edu.vn,0973892286
5398,Ngô Cẩm Hiền,0,teacher5397@sis.hust.edu.vn,0949802218
5399,Bùi Thế Bình,1,teacher5398@sis.hust.edu.vn,0973892286
5400,Tô Hoài Hương,0,teacher5399@sis.hust.edu.vn,0949802218
5401,Phan Nhật Minh,1,teacher5400@sis.hust.edu.vn,0973892286
5402,Phùng Thái Vân,0,teacher5401@sis.hust.edu.vn,0949802218
5403,Lê Liễu Oanh,0,teacher5402@sis.hust.edu.vn,0949802218
5404,Ngô Khánh Hải,1,teacher5403@sis.hust.edu.vn,0973892286
5405,Lê Nguyên Ðan,1,teacher5404@sis.hust.edu.vn,0973892286
5406,Tô Thượng Liệt,1,teacher5405@sis.hust.edu.vn,0973892286
5407,Trần Minh Trang,0,teacher5406@sis.hust.edu.vn,0949802218
5408,Đinh Ngọc Lân,1,teacher5407@sis.hust.edu.vn,0973892286
5409,Hoàng Bích Hải,0,teacher5408@sis.hust.edu.vn,0949802218
5410,Dương Giang Thiên,1,teacher5409@sis.hust.edu.vn,0973892286
5411,Đỗ Đơn Thuần,0,teacher5410@sis.hust.edu.vn,0949802218
5412,Phùng Ðình Dương,1,teacher5411@sis.hust.edu.vn,0973892286
5413,Lý Phong Ðộ,1,teacher5412@sis.hust.edu.vn,0973892286
5414,Tô Thụy Khanh,0,teacher5413@sis.hust.edu.vn,0949802218
5415,Đỗ Anh Khôi,1,teacher5414@sis.hust.edu.vn,0973892286
5416,Vũ Thành Nguyên,1,teacher5415@sis.hust.edu.vn,0973892286
5417,Nguyễn Hiệp Hiền,1,teacher5416@sis.hust.edu.vn,0973892286
5418,Phùng Nhật Hòa,1,teacher5417@sis.hust.edu.vn,0973892286
5419,Phùng Thiên Thảo,0,teacher5418@sis.hust.edu.vn,0949802218
5420,Tô Hồng Lân,1,teacher5419@sis.hust.edu.vn,0973892286
5421,Võ Tân Bình,1,teacher5420@sis.hust.edu.vn,0973892286
5422,Nguyễn An Cơ,1,teacher5421@sis.hust.edu.vn,0973892286
5423,Tô Trí Thắng,1,teacher5422@sis.hust.edu.vn,0973892286
5424,Tô Bích Liên,0,teacher5423@sis.hust.edu.vn,0949802218
5425,Hoàng Huy Kha,1,teacher5424@sis.hust.edu.vn,0973892286
5426,Hoàng Xuân Nhiên,0,teacher5425@sis.hust.edu.vn,0949802218
5427,Hoàng Minh Quốc,1,teacher5426@sis.hust.edu.vn,0973892286
5428,Phan Quốc Thiện,1,teacher5427@sis.hust.edu.vn,0973892286
5429,Lý Hữu Canh,1,teacher5428@sis.hust.edu.vn,0973892286
5430,Lê Dã Lâm,0,teacher5429@sis.hust.edu.vn,0949802218
5431,Hồ Giang Thiên,1,teacher5430@sis.hust.edu.vn,0973892286
5432,Dương Hoàng Sa,0,teacher5431@sis.hust.edu.vn,0949802218
5433,Võ Cao Thọ,1,teacher5432@sis.hust.edu.vn,0973892286
5434,Dương Tường Vi,0,teacher5433@sis.hust.edu.vn,0949802218
5435,Ngô Vĩnh Luân,1,teacher5434@sis.hust.edu.vn,0973892286
5436,Võ Thông Ðạt,1,teacher5435@sis.hust.edu.vn,0973892286
5437,Ngô Trúc Vân,0,teacher5436@sis.hust.edu.vn,0949802218
5438,Lý Tuấn Tú,1,teacher5437@sis.hust.edu.vn,0973892286
5439,Ngô Hồng Quý,1,teacher5438@sis.hust.edu.vn,0973892286
5440,Bùi Kim Yến,0,teacher5439@sis.hust.edu.vn,0949802218
5441,Hoàng Nhật Hòa,1,teacher5440@sis.hust.edu.vn,0973892286
5442,Phan Ngọc Hạ,0,teacher5441@sis.hust.edu.vn,0949802218
5443,Lê Bảo Chấn,1,teacher5442@sis.hust.edu.vn,0973892286
5444,Vũ Hiền Thục,0,teacher5443@sis.hust.edu.vn,0949802218
5445,Tô Quang Trọng,1,teacher5444@sis.hust.edu.vn,0973892286
5446,Lý Quang Lộc,1,teacher5445@sis.hust.edu.vn,0973892286
5447,Nguyễn Ngọc Thiện,1,teacher5446@sis.hust.edu.vn,0973892286
5448,Hoàng Ðình Cường,1,teacher5447@sis.hust.edu.vn,0973892286
5449,Phan Hồng Quế,0,teacher5448@sis.hust.edu.vn,0949802218
5450,Dương Thiên Lương,1,teacher5449@sis.hust.edu.vn,0973892286
5451,Phan Xuân Khoa,1,teacher5450@sis.hust.edu.vn,0973892286
5452,Đinh Phong Châu,1,teacher5451@sis.hust.edu.vn,0973892286
5453,Đỗ Kiều Trinh,0,teacher5452@sis.hust.edu.vn,0949802218
5454,Phùng Việt Quốc,1,teacher5453@sis.hust.edu.vn,0973892286
5455,Lã Duy Minh,1,teacher5454@sis.hust.edu.vn,0973892286
5456,Phan Thu Hậu,0,teacher5455@sis.hust.edu.vn,0949802218
5457,Nguyễn Ngọc Hoàn,0,teacher5456@sis.hust.edu.vn,0949802218
5458,Phùng Giáng Uyên,0,teacher5457@sis.hust.edu.vn,0949802218
5459,Phan Tuấn Tài,1,teacher5458@sis.hust.edu.vn,0973892286
5460,Phan Mỹ Vân,0,teacher5459@sis.hust.edu.vn,0949802218
5461,Bùi Nam Hải,1,teacher5460@sis.hust.edu.vn,0973892286
5462,Đinh Thanh Thư,0,teacher5461@sis.hust.edu.vn,0949802218
5463,Vũ Nhật Bảo Long,1,teacher5462@sis.hust.edu.vn,0973892286
5464,Đỗ Lệ Hoa,0,teacher5463@sis.hust.edu.vn,0949802218
5465,Ngô Xuân Hiền,0,teacher5464@sis.hust.edu.vn,0949802218
5466,Nguyễn Thế Lâm,1,teacher5465@sis.hust.edu.vn,0973892286
5467,Lê Hải Ngân,0,teacher5466@sis.hust.edu.vn,0949802218
5468,Đặng Vy Lam,0,teacher5467@sis.hust.edu.vn,0949802218
5469,Phùng Phi Nhung,0,teacher5468@sis.hust.edu.vn,0949802218
5470,Lý Quốc Hòa,1,teacher5469@sis.hust.edu.vn,0973892286
5471,Võ Hồng Oanh,0,teacher5470@sis.hust.edu.vn,0949802218
5472,Nguyễn Cao Nghiệp,1,teacher5471@sis.hust.edu.vn,0973892286
5473,Đinh Ngọc Hoan,0,teacher5472@sis.hust.edu.vn,0949802218
5474,Lý Ðông Nguyên,1,teacher5473@sis.hust.edu.vn,0973892286
5475,Phạm Minh Tiến,1,teacher5474@sis.hust.edu.vn,0973892286
5476,Đỗ Thanh Hồng,0,teacher5475@sis.hust.edu.vn,0949802218
5477,Đinh Anh Mai,0,teacher5476@sis.hust.edu.vn,0949802218
5478,Phan Cao Sơn,1,teacher5477@sis.hust.edu.vn,0973892286
5479,Lý Trường An,1,teacher5478@sis.hust.edu.vn,0973892286
5480,Dương Bảo Trâm,0,teacher5479@sis.hust.edu.vn,0949802218
5481,Lý Ðức Anh,1,teacher5480@sis.hust.edu.vn,0973892286
5482,Tô Thanh Trúc,0,teacher5481@sis.hust.edu.vn,0949802218
5483,Bùi Hồng Minh,1,teacher5482@sis.hust.edu.vn,0973892286
5484,Phùng Kiều Nguyệt,0,teacher5483@sis.hust.edu.vn,0949802218
5485,Võ Bảo Bình,0,teacher5484@sis.hust.edu.vn,0949802218
5486,Võ Quang Dương,1,teacher5485@sis.hust.edu.vn,0973892286
5487,Dương Ðoan Thanh,0,teacher5486@sis.hust.edu.vn,0949802218
5488,Lã Duy Thanh,1,teacher5487@sis.hust.edu.vn,0973892286
5489,Tô Ðắc Thái,1,teacher5488@sis.hust.edu.vn,0973892286
5490,Lê Hiếu Phong,1,teacher5489@sis.hust.edu.vn,0973892286
5491,Đỗ Bá Trúc,1,teacher5490@sis.hust.edu.vn,0973892286
5492,Trần Huệ Phương,0,teacher5491@sis.hust.edu.vn,0949802218
5493,Nguyễn Tùng Quang,1,teacher5492@sis.hust.edu.vn,0973892286
5494,Ngô Đài Trang,0,teacher5493@sis.hust.edu.vn,0949802218
5495,Ngô Quang Minh,1,teacher5494@sis.hust.edu.vn,0973892286
5496,Nguyễn Nguyệt Quế,0,teacher5495@sis.hust.edu.vn,0949802218
5497,Lý Kim Thy,0,teacher5496@sis.hust.edu.vn,0949802218
5498,Ngô Thành Tín,1,teacher5497@sis.hust.edu.vn,0973892286
5499,Đỗ Chí Khang,1,teacher5498@sis.hust.edu.vn,0973892286
5500,Lê Tuyết Thanh,0,teacher5499@sis.hust.edu.vn,0949802218
5501,Lê Tuyết Oanh,0,teacher5500@sis.hust.edu.vn,0949802218
5502,Vũ Anh Dũng,1,teacher5501@sis.hust.edu.vn,0973892286
5503,Phạm Huy Trân,1,teacher5502@sis.hust.edu.vn,0973892286
5504,Đinh Tuyết Trầm,0,teacher5503@sis.hust.edu.vn,0949802218
5505,Vũ Vân Thường,0,teacher5504@sis.hust.edu.vn,0949802218
5506,Hồ Bích Thu,0,teacher5505@sis.hust.edu.vn,0949802218
5507,Đặng Ánh Xuân,0,teacher5506@sis.hust.edu.vn,0949802218
5508,Phùng Hoa Tiên,0,teacher5507@sis.hust.edu.vn,0949802218
5509,Dương Tuyết Mai,0,teacher5508@sis.hust.edu.vn,0949802218
5510,Phùng Diễm Hằng,0,teacher5509@sis.hust.edu.vn,0949802218
5511,Đặng Tân Long,1,teacher5510@sis.hust.edu.vn,0973892286
5512,Bùi Như Tâm,0,teacher5511@sis.hust.edu.vn,0949802218
5513,Đặng Minh Duyên,0,teacher5512@sis.hust.edu.vn,0949802218
5514,Bùi Thanh Kiên,1,teacher5513@sis.hust.edu.vn,0973892286
5515,Bùi Nguyên Hồng,0,teacher5514@sis.hust.edu.vn,0949802218
5516,Lý Quốc Hiền,1,teacher5515@sis.hust.edu.vn,0973892286
5517,Phạm Giang Sơn,1,teacher5516@sis.hust.edu.vn,0973892286
5518,Đỗ Công Hải,1,teacher5517@sis.hust.edu.vn,0973892286
5519,Đặng Trường Phúc,1,teacher5518@sis.hust.edu.vn,0973892286
5520,Bùi Bích Nga,0,teacher5519@sis.hust.edu.vn,0949802218
5521,Lê Thu Thủy,0,teacher5520@sis.hust.edu.vn,0949802218
5522,Võ Duy Ngôn,1,teacher5521@sis.hust.edu.vn,0973892286
5523,Tô Cát Uy,1,teacher5522@sis.hust.edu.vn,0973892286
5524,Lê Thiên Trang,0,teacher5523@sis.hust.edu.vn,0949802218
5525,Dương Thuận Thành,1,teacher5524@sis.hust.edu.vn,0973892286
5526,Vũ Khánh Thủy,0,teacher5525@sis.hust.edu.vn,0949802218
5527,Nguyễn Việt Cương,1,teacher5526@sis.hust.edu.vn,0973892286
5528,Lã Gia Ðạo,1,teacher5527@sis.hust.edu.vn,0973892286
5529,Đỗ Mộng Tuyền,0,teacher5528@sis.hust.edu.vn,0949802218
5530,Võ Bá Thúc,1,teacher5529@sis.hust.edu.vn,0973892286
5531,Hoàng Vĩnh Thọ,1,teacher5530@sis.hust.edu.vn,0973892286
5532,Hoàng Khải Tuấn,1,teacher5531@sis.hust.edu.vn,0973892286
5533,Đinh Phượng Tiên,0,teacher5532@sis.hust.edu.vn,0949802218
5534,Phan Khải Tâm,0,teacher5533@sis.hust.edu.vn,0949802218
5535,Dương Nam Ninh,1,teacher5534@sis.hust.edu.vn,0973892286
5536,Đinh Quang Vũ,1,teacher5535@sis.hust.edu.vn,0973892286
5537,Nguyễn Ngọc Thiện,1,teacher5536@sis.hust.edu.vn,0973892286
5538,Ngô Tú Tâm,0,teacher5537@sis.hust.edu.vn,0949802218
5539,Bùi Ngọc Oanh,0,teacher5538@sis.hust.edu.vn,0949802218
5540,Võ Trường Sinh,1,teacher5539@sis.hust.edu.vn,0973892286
5541,Lã Thành Doanh,1,teacher5540@sis.hust.edu.vn,0973892286
5542,Lý Quốc Hùng,1,teacher5541@sis.hust.edu.vn,0973892286
5543,Vũ Thanh Thúy,0,teacher5542@sis.hust.edu.vn,0949802218
5544,Phùng Hồng Thắm,0,teacher5543@sis.hust.edu.vn,0949802218
5545,Hoàng Minh Huấn,1,teacher5544@sis.hust.edu.vn,0973892286
5546,Hoàng Tất Bình,1,teacher5545@sis.hust.edu.vn,0973892286
5547,Vũ Hùng Phong,1,teacher5546@sis.hust.edu.vn,0973892286
5548,Vũ Thành Sang,1,teacher5547@sis.hust.edu.vn,0973892286
5549,Trần Triều Thanh,0,teacher5548@sis.hust.edu.vn,0949802218
5550,Ngô Tường Phát,1,teacher5549@sis.hust.edu.vn,0973892286
5551,Đặng Thiên Mỹ,0,teacher5550@sis.hust.edu.vn,0949802218
5552,Đặng Ngọc Cầm,0,teacher5551@sis.hust.edu.vn,0949802218
5553,Phan Hồng Thư,0,teacher5552@sis.hust.edu.vn,0949802218
5554,Lê Ðông Trà,0,teacher5553@sis.hust.edu.vn,0949802218
5555,Trần Việt Khải,1,teacher5554@sis.hust.edu.vn,0973892286
5556,Dương Vạn Hạnh,1,teacher5555@sis.hust.edu.vn,0973892286
5557,Phùng Minh Vy,0,teacher5556@sis.hust.edu.vn,0949802218
5558,Dương Phương Nhung,0,teacher5557@sis.hust.edu.vn,0949802218
5559,Bùi Bảo Hoàng,1,teacher5558@sis.hust.edu.vn,0973892286
5560,Phan Xuân Hàm,1,teacher5559@sis.hust.edu.vn,0973892286
5561,Nguyễn Hoài Phong,1,teacher5560@sis.hust.edu.vn,0973892286
5562,Phan Hồng Việt,1,teacher5561@sis.hust.edu.vn,0973892286
5563,Lê Bảo Bình,0,teacher5562@sis.hust.edu.vn,0949802218
5564,Trần Bích Vân,0,teacher5563@sis.hust.edu.vn,0949802218
5565,Võ Thúy Phượng,0,teacher5564@sis.hust.edu.vn,0949802218
5566,Đặng Trang Linh,0,teacher5565@sis.hust.edu.vn,0949802218
5567,Lã Thúy Ngọc,0,teacher5566@sis.hust.edu.vn,0949802218
5568,Võ Trúc Vy,0,teacher5567@sis.hust.edu.vn,0949802218
5569,Hoàng Mai Hạ,0,teacher5568@sis.hust.edu.vn,0949802218
5570,Phạm Minh Tâm,0,teacher5569@sis.hust.edu.vn,0949802218
5571,Đỗ Ấu Lăng,0,teacher5570@sis.hust.edu.vn,0949802218
5572,Hoàng Hoàng Thái,1,teacher5571@sis.hust.edu.vn,0973892286
5573,Đỗ Yến Trang,0,teacher5572@sis.hust.edu.vn,0949802218
5574,Lã Dương Khánh,1,teacher5573@sis.hust.edu.vn,0973892286
5575,Phạm Tiểu Bảo,1,teacher5574@sis.hust.edu.vn,0973892286
5576,Lê Diệu Huyền,0,teacher5575@sis.hust.edu.vn,0949802218
5577,Lã Phương Liên,0,teacher5576@sis.hust.edu.vn,0949802218
5578,Võ Phương Triều,1,teacher5577@sis.hust.edu.vn,0973892286
5579,Nguyễn Công Hoán,1,teacher5578@sis.hust.edu.vn,0973892286
5580,Hồ Khôi Vĩ,1,teacher5579@sis.hust.edu.vn,0973892286
5581,Nguyễn Thụy Linh,0,teacher5580@sis.hust.edu.vn,0949802218
5582,Tô Công Lý,1,teacher5581@sis.hust.edu.vn,0973892286
5583,Lê Phong Ðộ,1,teacher5582@sis.hust.edu.vn,0973892286
5584,Võ Phú Hiệp,1,teacher5583@sis.hust.edu.vn,0973892286
5585,Hồ Ðan Quế,1,teacher5584@sis.hust.edu.vn,0973892286
5586,Tô Ðông Trà,0,teacher5585@sis.hust.edu.vn,0949802218
5587,Lê Thanh Tuấn,1,teacher5586@sis.hust.edu.vn,0973892286
5588,Dương Hoài Giang,0,teacher5587@sis.hust.edu.vn,0949802218
5589,Dương Hồng Hoa,0,teacher5588@sis.hust.edu.vn,0949802218
5590,Nguyễn Tiến Dũng,1,teacher5589@sis.hust.edu.vn,0973892286
5591,Lã Thanh Thủy,0,teacher5590@sis.hust.edu.vn,0949802218
5592,Vũ Mai Thu,0,teacher5591@sis.hust.edu.vn,0949802218
5593,Phan Ngọc Nữ,0,teacher5592@sis.hust.edu.vn,0949802218
5594,Hoàng Khánh Duy,1,teacher5593@sis.hust.edu.vn,0973892286
5595,Lã Ngọc Bích,0,teacher5594@sis.hust.edu.vn,0949802218
5596,Vũ Phương Thể,1,teacher5595@sis.hust.edu.vn,0973892286
5597,Trần Duy Thanh,1,teacher5596@sis.hust.edu.vn,0973892286
5598,Đỗ Thi Yến,0,teacher5597@sis.hust.edu.vn,0949802218
5599,Đinh Trúc Lâm,0,teacher5598@sis.hust.edu.vn,0949802218
5600,Lý Minh Thắng,1,teacher5599@sis.hust.edu.vn,0973892286
5601,Hoàng Ngọc Danh,1,teacher5600@sis.hust.edu.vn,0973892286
5602,Võ Nhật Thịnh,1,teacher5601@sis.hust.edu.vn,0973892286
5603,Lã Khánh Giang,0,teacher5602@sis.hust.edu.vn,0949802218
5604,Phạm Hiệp Hòa,1,teacher5603@sis.hust.edu.vn,0973892286
5605,Vũ Sỹ Thực,1,teacher5604@sis.hust.edu.vn,0973892286
5606,Nguyễn Mạnh Quỳnh,1,teacher5605@sis.hust.edu.vn,0973892286
5607,Nguyễn Quang Huy,1,teacher5606@sis.hust.edu.vn,0973892286
5608,Võ Nguyên Sử,1,teacher5607@sis.hust.edu.vn,0973892286
5609,Vũ Hồng Linh,0,teacher5608@sis.hust.edu.vn,0949802218
5610,Đinh Ái Nhân,0,teacher5609@sis.hust.edu.vn,0949802218
5611,Nguyễn Dạ Lan,0,teacher5610@sis.hust.edu.vn,0949802218
5612,Phùng Nhã Lý,0,teacher5611@sis.hust.edu.vn,0949802218
5613,Trần Quốc Thiện,1,teacher5612@sis.hust.edu.vn,0973892286
5614,Đinh Trúc Quỳnh,0,teacher5613@sis.hust.edu.vn,0949802218
5615,Hoàng Minh Thuận,1,teacher5614@sis.hust.edu.vn,0973892286
5616,Bùi Khuyến Học,1,teacher5615@sis.hust.edu.vn,0973892286
5617,Bùi Vân Hà,0,teacher5616@sis.hust.edu.vn,0949802218
5618,Phan Mỹ Vân,0,teacher5617@sis.hust.edu.vn,0949802218
5619,Đặng Mộng Hằng,0,teacher5618@sis.hust.edu.vn,0949802218
5620,Hoàng Ðức Tường,1,teacher5619@sis.hust.edu.vn,0973892286
5621,Phan Hoài Việt,1,teacher5620@sis.hust.edu.vn,0973892286
5622,Võ Phú Thọ,1,teacher5621@sis.hust.edu.vn,0973892286
5623,Phạm Thanh Huyền,0,teacher5622@sis.hust.edu.vn,0949802218
5624,Nguyễn Trọng Duy,1,teacher5623@sis.hust.edu.vn,0973892286
5625,Đặng Thiện Tâm,1,teacher5624@sis.hust.edu.vn,0973892286
5626,Vũ Quốc Vinh,1,teacher5625@sis.hust.edu.vn,0973892286
5627,Lã Kim Xuân,0,teacher5626@sis.hust.edu.vn,0949802218
5628,Ngô Công Thành,1,teacher5627@sis.hust.edu.vn,0973892286
5629,Đặng Duy Hải,1,teacher5628@sis.hust.edu.vn,0973892286
5630,Phạm Thế Sơn,1,teacher5629@sis.hust.edu.vn,0973892286
5631,Lý Thành An,1,teacher5630@sis.hust.edu.vn,0973892286
5632,Tô Thương Thương,0,teacher5631@sis.hust.edu.vn,0949802218
5633,Lý Khánh Bình,1,teacher5632@sis.hust.edu.vn,0973892286
5634,Lê Bạch Mai,0,teacher5633@sis.hust.edu.vn,0949802218
5635,Võ Mai Loan,0,teacher5634@sis.hust.edu.vn,0949802218
5636,Lê Tú Sương,0,teacher5635@sis.hust.edu.vn,0949802218
5637,Dương Vạn Hạnh,1,teacher5636@sis.hust.edu.vn,0973892286
5638,Phùng Hạnh Nhơn,0,teacher5637@sis.hust.edu.vn,0949802218
5639,Dương Yến Loan,0,teacher5638@sis.hust.edu.vn,0949802218
5640,Dương Kim Sơn,1,teacher5639@sis.hust.edu.vn,0973892286
5641,Hoàng Phước Nguyên,1,teacher5640@sis.hust.edu.vn,0973892286
5642,Phùng Hồng Châu,0,teacher5641@sis.hust.edu.vn,0949802218
5643,Vũ Hoàng Minh,1,teacher5642@sis.hust.edu.vn,0973892286
5644,Bùi Ðăng Ðạt,1,teacher5643@sis.hust.edu.vn,0973892286
5645,Phan Tiến Hiệp,1,teacher5644@sis.hust.edu.vn,0973892286
5646,Vũ Quang Thạch,1,teacher5645@sis.hust.edu.vn,0973892286
5647,Đặng Hà Tiên,0,teacher5646@sis.hust.edu.vn,0949802218
5648,Đặng Bá Thịnh,1,teacher5647@sis.hust.edu.vn,0973892286
5649,Ngô Hoa Lý,0,teacher5648@sis.hust.edu.vn,0949802218
5650,Bùi Nghị Lực,1,teacher5649@sis.hust.edu.vn,0973892286
5651,Dương Hương Xuân,0,teacher5650@sis.hust.edu.vn,0949802218
5652,Ngô Phước Sơn,1,teacher5651@sis.hust.edu.vn,0973892286
5653,Lã Tú Ly,0,teacher5652@sis.hust.edu.vn,0949802218
5654,Lã Hà Tiên,0,teacher5653@sis.hust.edu.vn,0949802218
5655,Đinh Mỹ Lợi,0,teacher5654@sis.hust.edu.vn,0949802218
5656,Phùng Diệu Hồng,0,teacher5655@sis.hust.edu.vn,0949802218
5657,Lý Chấn Hưng,1,teacher5656@sis.hust.edu.vn,0973892286
5658,Ngô Việt Dũng,1,teacher5657@sis.hust.edu.vn,0973892286
5659,Lã Ðức Hải,1,teacher5658@sis.hust.edu.vn,0973892286
5660,Ngô Khai Minh,1,teacher5659@sis.hust.edu.vn,0973892286
5661,Đặng Minh Quang,1,teacher5660@sis.hust.edu.vn,0973892286
5662,Đặng Giang Thiên,0,teacher5661@sis.hust.edu.vn,0949802218
5663,Đinh Duy Bảo,1,teacher5662@sis.hust.edu.vn,0973892286
5664,Phan Liễu Oanh,0,teacher5663@sis.hust.edu.vn,0949802218
5665,Dương Hải Ðăng,1,teacher5664@sis.hust.edu.vn,0973892286
5666,Lã Quỳnh Phương,0,teacher5665@sis.hust.edu.vn,0949802218
5667,Trần Xuân xanh,0,teacher5666@sis.hust.edu.vn,0949802218
5668,Đỗ Hương Tiên,0,teacher5667@sis.hust.edu.vn,0949802218
5669,Lý Quang Hòa,1,teacher5668@sis.hust.edu.vn,0973892286
5670,Ngô Trúc Lâm,0,teacher5669@sis.hust.edu.vn,0949802218
5671,Lý Huệ Lan,0,teacher5670@sis.hust.edu.vn,0949802218
5672,Đỗ Xuân Huy,1,teacher5671@sis.hust.edu.vn,0973892286
5673,Hoàng Quốc Phong,1,teacher5672@sis.hust.edu.vn,0973892286
5674,Nguyễn Duy Nhượng,1,teacher5673@sis.hust.edu.vn,0973892286
5675,Võ Sơn Tùng,1,teacher5674@sis.hust.edu.vn,0973892286
5676,Hồ Liên Hương,0,teacher5675@sis.hust.edu.vn,0949802218
5677,Đinh Thảo Ly,0,teacher5676@sis.hust.edu.vn,0949802218
5678,Hoàng Tấn Thành,1,teacher5677@sis.hust.edu.vn,0973892286
5679,Bùi Tiến Dũng,1,teacher5678@sis.hust.edu.vn,0973892286
5680,Bùi Từ Ðông,1,teacher5679@sis.hust.edu.vn,0973892286
5681,Võ Vi Quyên,0,teacher5680@sis.hust.edu.vn,0949802218
5682,Hồ Quốc Hạnh,1,teacher5681@sis.hust.edu.vn,0973892286
5683,Hồ Quỳnh Liên,0,teacher5682@sis.hust.edu.vn,0949802218
5684,Phùng Kim Khánh,0,teacher5683@sis.hust.edu.vn,0949802218
5685,Lê Lam Giang,1,teacher5684@sis.hust.edu.vn,0973892286
5686,Đỗ Tuấn Anh,1,teacher5685@sis.hust.edu.vn,0973892286
5687,Võ Diễm Uyên,0,teacher5686@sis.hust.edu.vn,0949802218
5688,Võ Phú Thọ,1,teacher5687@sis.hust.edu.vn,0973892286
5689,Võ Phúc Khang,1,teacher5688@sis.hust.edu.vn,0973892286
5690,Nguyễn Mộng Hằng,0,teacher5689@sis.hust.edu.vn,0949802218
5691,Đỗ Thu Thảo,0,teacher5690@sis.hust.edu.vn,0949802218
5692,Hồ Bích Hải,0,teacher5691@sis.hust.edu.vn,0949802218
5693,Hồ Hương Trang,0,teacher5692@sis.hust.edu.vn,0949802218
5694,Võ Tố Nhi,0,teacher5693@sis.hust.edu.vn,0949802218
5695,Phùng Thành Tín,1,teacher5694@sis.hust.edu.vn,0973892286
5696,Đinh Việt Cương,1,teacher5695@sis.hust.edu.vn,0973892286
5697,Đỗ Anh Khoa,1,teacher5696@sis.hust.edu.vn,0973892286
5698,Lã Huyền Trâm,0,teacher5697@sis.hust.edu.vn,0949802218
5699,Phạm Thanh Kiều,0,teacher5698@sis.hust.edu.vn,0949802218
5700,Bùi Minh Hiền,0,teacher5699@sis.hust.edu.vn,0949802218
5701,Võ Thái Lan,0,teacher5700@sis.hust.edu.vn,0949802218
5702,Nguyễn Quỳnh Anh,0,teacher5701@sis.hust.edu.vn,0949802218
5703,Bùi Kim Ánh,0,teacher5702@sis.hust.edu.vn,0949802218
5704,Dương Anh Vũ,1,teacher5703@sis.hust.edu.vn,0973892286
5705,Tô Quế Anh,0,teacher5704@sis.hust.edu.vn,0949802218
5706,Đinh Thanh Trung,1,teacher5705@sis.hust.edu.vn,0973892286
5707,Lã Hà Nhi,0,teacher5706@sis.hust.edu.vn,0949802218
5708,Tô Trung Thành,1,teacher5707@sis.hust.edu.vn,0973892286
5709,Hồ Ðức Anh,1,teacher5708@sis.hust.edu.vn,0973892286
5710,Lý Khuyến Học,1,teacher5709@sis.hust.edu.vn,0973892286
5711,Bùi Quốc Toản,1,teacher5710@sis.hust.edu.vn,0973892286
5712,Hoàng Hùng Phong,1,teacher5711@sis.hust.edu.vn,0973892286
5713,Hồ Thanh Hương,0,teacher5712@sis.hust.edu.vn,0949802218
5714,Phùng Đan Linh,0,teacher5713@sis.hust.edu.vn,0949802218
5715,Lã Mỹ Phương,0,teacher5714@sis.hust.edu.vn,0949802218
5716,Lã Như Tâm,0,teacher5715@sis.hust.edu.vn,0949802218
5717,Võ Giang Thanh,0,teacher5716@sis.hust.edu.vn,0949802218
5718,Trần Nguyệt Minh,0,teacher5717@sis.hust.edu.vn,0949802218
5719,Hồ Minh Giang,1,teacher5718@sis.hust.edu.vn,0973892286
5720,Hồ Minh Hạnh,0,teacher5719@sis.hust.edu.vn,0949802218
5721,Nguyễn Yến Trang,0,teacher5720@sis.hust.edu.vn,0949802218
5722,Võ Hữu Thống,1,teacher5721@sis.hust.edu.vn,0973892286
5723,Lê Hữu Nghị,1,teacher5722@sis.hust.edu.vn,0973892286
5724,Hồ Minh Vu,1,teacher5723@sis.hust.edu.vn,0973892286
5725,Ngô Việt Quyết,1,teacher5724@sis.hust.edu.vn,0973892286
5726,Lê Ðình Ðôn,1,teacher5725@sis.hust.edu.vn,0973892286
5727,Đinh Huy Chiểu,1,teacher5726@sis.hust.edu.vn,0973892286
5728,Phùng Thành Lợi,1,teacher5727@sis.hust.edu.vn,0973892286
5729,Đặng Hà Mi,0,teacher5728@sis.hust.edu.vn,0949802218
5730,Vũ Thục Trang,0,teacher5729@sis.hust.edu.vn,0949802218
5731,Bùi Thanh Lâm,0,teacher5730@sis.hust.edu.vn,0949802218
5732,Đinh Vĩnh Thụy,1,teacher5731@sis.hust.edu.vn,0973892286
5733,Vũ Quang Danh,1,teacher5732@sis.hust.edu.vn,0973892286
5734,Phan Mỹ Uyên,0,teacher5733@sis.hust.edu.vn,0949802218
5735,Lý Thục Trinh,0,teacher5734@sis.hust.edu.vn,0949802218
5736,Phùng Quốc Phương,1,teacher5735@sis.hust.edu.vn,0973892286
5737,Đặng Song Oanh,0,teacher5736@sis.hust.edu.vn,0949802218
5738,Đặng Ái Thi,0,teacher5737@sis.hust.edu.vn,0949802218
5739,Lê Phương Chi,0,teacher5738@sis.hust.edu.vn,0949802218
5740,Đinh Ðức Thọ,1,teacher5739@sis.hust.edu.vn,0973892286
5741,Hồ Hồng Liên,0,teacher5740@sis.hust.edu.vn,0949802218
5742,Lã Thụy Lâm,0,teacher5741@sis.hust.edu.vn,0949802218
5743,Phùng Quang Vinh,1,teacher5742@sis.hust.edu.vn,0973892286
5744,Đặng Trường Sinh,1,teacher5743@sis.hust.edu.vn,0973892286
5745,Lý Bình Dân,1,teacher5744@sis.hust.edu.vn,0973892286
5746,Đỗ Thụy Trâm,0,teacher5745@sis.hust.edu.vn,0949802218
5747,Võ Quang Linh,1,teacher5746@sis.hust.edu.vn,0973892286
5748,Tô Anh Ðức,1,teacher5747@sis.hust.edu.vn,0973892286
5749,Dương Kim Thịnh,1,teacher5748@sis.hust.edu.vn,0973892286
5750,Đỗ Họa Mi,0,teacher5749@sis.hust.edu.vn,0949802218
5751,Tô Việt Dũng,1,teacher5750@sis.hust.edu.vn,0973892286
5752,Trần Hồng Phương,0,teacher5751@sis.hust.edu.vn,0949802218
5753,Lý Quỳnh Hương,0,teacher5752@sis.hust.edu.vn,0949802218
5754,Đinh Hạ Băng,0,teacher5753@sis.hust.edu.vn,0949802218
5755,Lý Khắc Việt,1,teacher5754@sis.hust.edu.vn,0973892286
5756,Dương Hữu Hùng,1,teacher5755@sis.hust.edu.vn,0973892286
5757,Dương Thu Sương,0,teacher5756@sis.hust.edu.vn,0949802218
5758,Võ Phú Thời,1,teacher5757@sis.hust.edu.vn,0973892286
5759,Phùng Phương Giang,0,teacher5758@sis.hust.edu.vn,0949802218
5760,Phùng Thành Tín,1,teacher5759@sis.hust.edu.vn,0973892286
5761,Trần Thành Tín,1,teacher5760@sis.hust.edu.vn,0973892286
5762,Dương Ðồng Dao,0,teacher5761@sis.hust.edu.vn,0949802218
5763,Hoàng Việt Nhi,0,teacher5762@sis.hust.edu.vn,0949802218
5764,Phùng Minh Như,0,teacher5763@sis.hust.edu.vn,0949802218
5765,Phạm Mỹ Hường,0,teacher5764@sis.hust.edu.vn,0949802218
5766,Trần Thiện Phước,1,teacher5765@sis.hust.edu.vn,0973892286
5767,Đặng Ðình Phú,1,teacher5766@sis.hust.edu.vn,0973892286
5768,Phùng Tuyền Lâm,0,teacher5767@sis.hust.edu.vn,0949802218
5769,Phùng Minh Trung,1,teacher5768@sis.hust.edu.vn,0973892286
5770,Nguyễn Ðịnh Lực,1,teacher5769@sis.hust.edu.vn,0973892286
5771,Hồ Phú Thọ,1,teacher5770@sis.hust.edu.vn,0973892286
5772,Đặng Xuân Phúc,1,teacher5771@sis.hust.edu.vn,0973892286
5773,Vũ Kim Ngọc,0,teacher5772@sis.hust.edu.vn,0949802218
5774,Đỗ Hoạ Mi,0,teacher5773@sis.hust.edu.vn,0949802218
5775,Võ Thái Tổ,1,teacher5774@sis.hust.edu.vn,0973892286
5776,Trần Thảo Vân,0,teacher5775@sis.hust.edu.vn,0949802218
5777,Lê Diễm Khuê,0,teacher5776@sis.hust.edu.vn,0949802218
5778,Ngô Thanh Thế,1,teacher5777@sis.hust.edu.vn,0973892286
5779,Trần Hoàng Mai,0,teacher5778@sis.hust.edu.vn,0949802218
5780,Phan Minh Nhi,0,teacher5779@sis.hust.edu.vn,0949802218
5781,Phùng Quang Dương,1,teacher5780@sis.hust.edu.vn,0973892286
5782,Tô Viết Sơn,1,teacher5781@sis.hust.edu.vn,0973892286
5783,Lê Huệ My,0,teacher5782@sis.hust.edu.vn,0949802218
5784,Hoàng Sơn Lâm,1,teacher5783@sis.hust.edu.vn,0973892286
5785,Tô Việt Thi,0,teacher5784@sis.hust.edu.vn,0949802218
5786,Đặng Bích Hậu,0,teacher5785@sis.hust.edu.vn,0949802218
5787,Lý Mai Hà,0,teacher5786@sis.hust.edu.vn,0949802218
5788,Phùng Tú Nguyệt,0,teacher5787@sis.hust.edu.vn,0949802218
5789,Võ Phương Nhung,0,teacher5788@sis.hust.edu.vn,0949802218
5790,Bùi Duy Mạnh,1,teacher5789@sis.hust.edu.vn,0973892286
5791,Lý Phương Ngọc,0,teacher5790@sis.hust.edu.vn,0949802218
5792,Dương Gia Bạch,1,teacher5791@sis.hust.edu.vn,0973892286
5793,Hồ Ngọc Lai,1,teacher5792@sis.hust.edu.vn,0973892286
5794,Lý Hương Trang,0,teacher5793@sis.hust.edu.vn,0949802218
5795,Trần Anh Quốc,1,teacher5794@sis.hust.edu.vn,0973892286
5796,Hồ Ánh Nguyệt,0,teacher5795@sis.hust.edu.vn,0949802218
5797,Võ Phúc Nguyên,1,teacher5796@sis.hust.edu.vn,0973892286
5798,Tô Hải Ân,0,teacher5797@sis.hust.edu.vn,0949802218
5799,Phan Thành Ân,1,teacher5798@sis.hust.edu.vn,0973892286
5800,Ngô Thiên Hương,0,teacher5799@sis.hust.edu.vn,0949802218
5801,Trần Minh Vương,1,teacher5800@sis.hust.edu.vn,0973892286
5802,Hồ Hoài Thanh,1,teacher5801@sis.hust.edu.vn,0973892286
5803,Đinh Thanh Giang,0,teacher5802@sis.hust.edu.vn,0949802218
5804,Đinh Công Tuấn,1,teacher5803@sis.hust.edu.vn,0973892286
5805,Phan Minh Trang,0,teacher5804@sis.hust.edu.vn,0949802218
5806,Vũ Bá Tùng,1,teacher5805@sis.hust.edu.vn,0973892286
5807,Đỗ Từ Ân,0,teacher5806@sis.hust.edu.vn,0949802218
5808,Hoàng Gia Vinh,1,teacher5807@sis.hust.edu.vn,0973892286
5809,Dương Thiện Giang,1,teacher5808@sis.hust.edu.vn,0973892286
5810,Đỗ Tố Nga,0,teacher5809@sis.hust.edu.vn,0949802218
5811,Lã Mỹ Phương,0,teacher5810@sis.hust.edu.vn,0949802218
5812,Đỗ Trí Tịnh,1,teacher5811@sis.hust.edu.vn,0973892286
5813,Lã Bá Lộc,1,teacher5812@sis.hust.edu.vn,0973892286
5814,Lê Thiên An,1,teacher5813@sis.hust.edu.vn,0973892286
5815,Trần Thường Xuân,1,teacher5814@sis.hust.edu.vn,0973892286
5816,Đặng Thanh Loan,0,teacher5815@sis.hust.edu.vn,0949802218
5817,Tô Quang Lộc,1,teacher5816@sis.hust.edu.vn,0973892286
5818,Phan Duy Tuyền,1,teacher5817@sis.hust.edu.vn,0973892286
5819,Đỗ Khuê Trung,0,teacher5818@sis.hust.edu.vn,0949802218
5820,Bùi Huy Chiểu,1,teacher5819@sis.hust.edu.vn,0973892286
5821,Đỗ Bảo Lâm,1,teacher5820@sis.hust.edu.vn,0973892286
5822,Bùi Hồng Thắm,0,teacher5821@sis.hust.edu.vn,0949802218
5823,Võ Quỳnh Hoa,0,teacher5822@sis.hust.edu.vn,0949802218
5824,Đỗ Kiên Cường,1,teacher5823@sis.hust.edu.vn,0973892286
5825,Hoàng Hạo Nhiên,1,teacher5824@sis.hust.edu.vn,0973892286
5826,Lê Anh Việt,1,teacher5825@sis.hust.edu.vn,0973892286
5827,Tô Kim Khánh,0,teacher5826@sis.hust.edu.vn,0949802218
5828,Phùng Khai Minh,1,teacher5827@sis.hust.edu.vn,0973892286
5829,Tô Kiều Giang,0,teacher5828@sis.hust.edu.vn,0949802218
5830,Đỗ Phương Thi,0,teacher5829@sis.hust.edu.vn,0949802218
5831,Đặng Lam Giang,1,teacher5830@sis.hust.edu.vn,0973892286
5832,Bùi Thành Trung,1,teacher5831@sis.hust.edu.vn,0973892286
5833,Phùng Trọng Vinh,1,teacher5832@sis.hust.edu.vn,0973892286
5834,Tô Hoàng Nguyên,0,teacher5833@sis.hust.edu.vn,0949802218
5835,Phùng Bảo Ngọc,0,teacher5834@sis.hust.edu.vn,0949802218
5836,Đinh Hương Mai,0,teacher5835@sis.hust.edu.vn,0949802218
5837,Vũ Khắc Công,1,teacher5836@sis.hust.edu.vn,0973892286
5838,Võ Thu Sinh,1,teacher5837@sis.hust.edu.vn,0973892286
5839,Võ Duy Thắng,1,teacher5838@sis.hust.edu.vn,0973892286
5840,Đinh Kim Thư,0,teacher5839@sis.hust.edu.vn,0949802218
5841,Tô Trúc Đào,0,teacher5840@sis.hust.edu.vn,0949802218
5842,Đỗ Thu Vọng,0,teacher5841@sis.hust.edu.vn,0949802218
5843,Bùi Nguyên Hạnh,1,teacher5842@sis.hust.edu.vn,0973892286
5844,Phạm Bình Quân,1,teacher5843@sis.hust.edu.vn,0973892286
5845,Hồ Hồng Thắm,0,teacher5844@sis.hust.edu.vn,0949802218
5846,Đặng Vân Thường,0,teacher5845@sis.hust.edu.vn,0949802218
5847,Lã Quang Vinh,1,teacher5846@sis.hust.edu.vn,0973892286
5848,Trần Tiểu My,0,teacher5847@sis.hust.edu.vn,0949802218
5849,Tô Bảo Quỳnh,0,teacher5848@sis.hust.edu.vn,0949802218
5850,Phan Cao Minh,1,teacher5849@sis.hust.edu.vn,0973892286
5851,Hồ Minh Nghĩa,1,teacher5850@sis.hust.edu.vn,0973892286
5852,Đinh Thiên Kim,0,teacher5851@sis.hust.edu.vn,0949802218
5853,Hồ Thanh Uyên,0,teacher5852@sis.hust.edu.vn,0949802218
5854,Dương Thu Hậu,0,teacher5853@sis.hust.edu.vn,0949802218
5855,Bùi Bảo Hân,0,teacher5854@sis.hust.edu.vn,0949802218
5856,Bùi Thành Thiện,1,teacher5855@sis.hust.edu.vn,0973892286
5857,Phan Quốc Tiến,1,teacher5856@sis.hust.edu.vn,0973892286
5858,Bùi Huyền Nhi,0,teacher5857@sis.hust.edu.vn,0949802218
5859,Đinh Mạnh Quỳnh,1,teacher5858@sis.hust.edu.vn,0973892286
5860,Vũ Nhã Trang,0,teacher5859@sis.hust.edu.vn,0949802218
5861,Bùi Nhật Hoàng,1,teacher5860@sis.hust.edu.vn,0973892286
5862,Võ Trúc Sinh,1,teacher5861@sis.hust.edu.vn,0973892286
5863,Ngô Tấn Phát,1,teacher5862@sis.hust.edu.vn,0973892286
5864,Dương Tuấn Hoàng,1,teacher5863@sis.hust.edu.vn,0973892286
5865,Phùng Thượng Thuật,1,teacher5864@sis.hust.edu.vn,0973892286
5866,Đặng Thiên Thảo,0,teacher5865@sis.hust.edu.vn,0949802218
5867,Trần Thanh Thuận,1,teacher5866@sis.hust.edu.vn,0973892286
5868,Phan Nguyệt Ánh,0,teacher5867@sis.hust.edu.vn,0949802218
5869,Bùi Hoàng Quân,1,teacher5868@sis.hust.edu.vn,0973892286
5870,Lã Hương Tiên,0,teacher5869@sis.hust.edu.vn,0949802218
5871,Lã Túy Loan,0,teacher5870@sis.hust.edu.vn,0949802218
5872,Phạm Hải Dương,0,teacher5871@sis.hust.edu.vn,0949802218
5873,Bùi Duy Thắng,1,teacher5872@sis.hust.edu.vn,0973892286
5874,Đinh Hồng Thu,0,teacher5873@sis.hust.edu.vn,0949802218
5875,Nguyễn Trung Chuyên,1,teacher5874@sis.hust.edu.vn,0973892286
5876,Võ Tân Long,1,teacher5875@sis.hust.edu.vn,0973892286
5877,Đỗ Thành Vinh,1,teacher5876@sis.hust.edu.vn,0973892286
5878,Hoàng Nguyên Giang,1,teacher5877@sis.hust.edu.vn,0973892286
5879,Hồ Yến Anh,0,teacher5878@sis.hust.edu.vn,0949802218
5880,Võ Thanh Uyên,0,teacher5879@sis.hust.edu.vn,0949802218
5881,Đỗ Quế Chi,0,teacher5880@sis.hust.edu.vn,0949802218
5882,Lý Thiên An,1,teacher5881@sis.hust.edu.vn,0973892286
5883,Phùng Phương Thể,1,teacher5882@sis.hust.edu.vn,0973892286
5884,Lê Thanh Toàn,1,teacher5883@sis.hust.edu.vn,0973892286
5885,Hoàng Bình Quân,1,teacher5884@sis.hust.edu.vn,0973892286
5886,Nguyễn Hiểu Vân,0,teacher5885@sis.hust.edu.vn,0949802218
5887,Tô Bích Nga,0,teacher5886@sis.hust.edu.vn,0949802218
5888,Lý Kiều Nương,0,teacher5887@sis.hust.edu.vn,0949802218
5889,Phùng Phú Thọ,1,teacher5888@sis.hust.edu.vn,0973892286
5890,Phạm Nam Hưng,1,teacher5889@sis.hust.edu.vn,0973892286
5891,Trần Quang Triều,1,teacher5890@sis.hust.edu.vn,0973892286
5892,Đỗ Nhật Tiến,1,teacher5891@sis.hust.edu.vn,0973892286
5893,Tô Mỹ Xuân,0,teacher5892@sis.hust.edu.vn,0949802218
5894,Võ Xuân Ngọc,0,teacher5893@sis.hust.edu.vn,0949802218
5895,Lý Hiền Nương,0,teacher5894@sis.hust.edu.vn,0949802218
5896,Phạm Ngọc Anh,0,teacher5895@sis.hust.edu.vn,0949802218
5897,Bùi Thịnh Cường,1,teacher5896@sis.hust.edu.vn,0973892286
5898,Phan Bích Thoa,0,teacher5897@sis.hust.edu.vn,0949802218
5899,Phan Lệ Nga,0,teacher5898@sis.hust.edu.vn,0949802218
5900,Ngô Ngọc Vy,0,teacher5899@sis.hust.edu.vn,0949802218
5901,Lê Phương Nhi,0,teacher5900@sis.hust.edu.vn,0949802218
5902,Đỗ Huy Quang,1,teacher5901@sis.hust.edu.vn,0973892286
5903,Võ Minh Khiếu,1,teacher5902@sis.hust.edu.vn,0973892286
5904,Nguyễn Quang Lộc,1,teacher5903@sis.hust.edu.vn,0973892286
5905,Dương Nhật Lệ,0,teacher5904@sis.hust.edu.vn,0949802218
5906,Tô Ái Hồng,0,teacher5905@sis.hust.edu.vn,0949802218
5907,Lã Gia Bạch,1,teacher5906@sis.hust.edu.vn,0973892286
5908,Tô Phương Thanh,0,teacher5907@sis.hust.edu.vn,0949802218
5909,Hoàng Khải Tâm,1,teacher5908@sis.hust.edu.vn,0973892286
5910,Dương Hải Long,1,teacher5909@sis.hust.edu.vn,0973892286
5911,Vũ Ánh Trang,0,teacher5910@sis.hust.edu.vn,0949802218
5912,Hoàng Duy Hiền,1,teacher5911@sis.hust.edu.vn,0973892286
5913,Hồ Hoài Thương,0,teacher5912@sis.hust.edu.vn,0949802218
5914,Đỗ Thiếu Cường,1,teacher5913@sis.hust.edu.vn,0973892286
5915,Lã Bạch Liên,0,teacher5914@sis.hust.edu.vn,0949802218
5916,Nguyễn Ái Thi,0,teacher5915@sis.hust.edu.vn,0949802218
5917,Ngô Hồng Linh,0,teacher5916@sis.hust.edu.vn,0949802218
5918,Đỗ Ðạt Dũng,1,teacher5917@sis.hust.edu.vn,0973892286
5919,Vũ Phượng Nhi,0,teacher5918@sis.hust.edu.vn,0949802218
5920,Phan Đan Quỳnh,0,teacher5919@sis.hust.edu.vn,0949802218
5921,Bùi Hữu Bảo,1,teacher5920@sis.hust.edu.vn,0973892286
5922,Vũ Tạ Hiền,1,teacher5921@sis.hust.edu.vn,0973892286
5923,Phạm Hồng Thư,0,teacher5922@sis.hust.edu.vn,0949802218
5924,Lê Phú Hiệp,1,teacher5923@sis.hust.edu.vn,0973892286
5925,Bùi Ðình Quảng,1,teacher5924@sis.hust.edu.vn,0973892286
5926,Đinh Nhã Trang,0,teacher5925@sis.hust.edu.vn,0949802218
5927,Tô Dân Khánh,1,teacher5926@sis.hust.edu.vn,0973892286
5928,Phạm Anh Quân,1,teacher5927@sis.hust.edu.vn,0973892286
5929,Đặng Sơn Dương,1,teacher5928@sis.hust.edu.vn,0973892286
5930,Lã Kim Thu,0,teacher5929@sis.hust.edu.vn,0949802218
5931,Hoàng Ðình Quảng,1,teacher5930@sis.hust.edu.vn,0973892286
5932,Tô Nguyên Nhân,1,teacher5931@sis.hust.edu.vn,0973892286
5933,Dương Mạnh Thắng,1,teacher5932@sis.hust.edu.vn,0973892286
5934,Đỗ Trúc Chi,0,teacher5933@sis.hust.edu.vn,0949802218
5935,Võ Hùng Sơn,1,teacher5934@sis.hust.edu.vn,0973892286
5936,Ngô Thái Minh,1,teacher5935@sis.hust.edu.vn,0973892286
5937,Lý Phúc Nguyên,1,teacher5936@sis.hust.edu.vn,0973892286
5938,Phùng Anh Mai,0,teacher5937@sis.hust.edu.vn,0949802218
5939,Đinh Thục Quyên,0,teacher5938@sis.hust.edu.vn,0949802218
5940,Vũ Mỹ Lệ,0,teacher5939@sis.hust.edu.vn,0949802218
5941,Lã Hạnh Dung,0,teacher5940@sis.hust.edu.vn,0949802218
5942,Nguyễn Huy Tuấn,1,teacher5941@sis.hust.edu.vn,0973892286
5943,Nguyễn Trang Tâm,0,teacher5942@sis.hust.edu.vn,0949802218
5944,Bùi Việt Khang,1,teacher5943@sis.hust.edu.vn,0973892286
5945,Vũ Quang Hòa,1,teacher5944@sis.hust.edu.vn,0973892286
5946,Lý Cương Quyết,1,teacher5945@sis.hust.edu.vn,0973892286
5947,Ngô Cát Linh,0,teacher5946@sis.hust.edu.vn,0949802218
5948,Đỗ Thiên Di,0,teacher5947@sis.hust.edu.vn,0949802218
5949,Tô Hòa Giang,1,teacher5948@sis.hust.edu.vn,0973892286
5950,Phùng Minh Huyền,0,teacher5949@sis.hust.edu.vn,0949802218
5951,Đinh Huệ Linh,0,teacher5950@sis.hust.edu.vn,0949802218
5952,Phạm Hải Dương,0,teacher5951@sis.hust.edu.vn,0949802218
5953,Đỗ Thụ Nhân,1,teacher5952@sis.hust.edu.vn,0973892286
5954,Hoàng Quỳnh Thơ,0,teacher5953@sis.hust.edu.vn,0949802218
5955,Lã Lam Giang,0,teacher5954@sis.hust.edu.vn,0949802218
5956,Đinh Ngọc Trinh,0,teacher5955@sis.hust.edu.vn,0949802218
5957,Nguyễn Trang Anh,0,teacher5956@sis.hust.edu.vn,0949802218
5958,Bùi Minh Dũng,1,teacher5957@sis.hust.edu.vn,0973892286
5959,Đinh Thanh Nhung,0,teacher5958@sis.hust.edu.vn,0949802218
5960,Hoàng Mai Lan,0,teacher5959@sis.hust.edu.vn,0949802218
5961,Nguyễn Phước Huệ,0,teacher5960@sis.hust.edu.vn,0949802218
5962,Đinh Xuân Uyên,0,teacher5961@sis.hust.edu.vn,0949802218
5963,Hồ Kim Tuyền,0,teacher5962@sis.hust.edu.vn,0949802218
5964,Lê Gia Minh,1,teacher5963@sis.hust.edu.vn,0973892286
5965,Phùng Nguyên Sử,1,teacher5964@sis.hust.edu.vn,0973892286
5966,Đặng Thiện Mỹ,0,teacher5965@sis.hust.edu.vn,0949802218
5967,Lã Mỹ Tâm,0,teacher5966@sis.hust.edu.vn,0949802218
5968,Lê Uyển Như,0,teacher5967@sis.hust.edu.vn,0949802218
5969,Ngô Quang Vinh,1,teacher5968@sis.hust.edu.vn,0973892286
5970,Đặng Gia Vinh,1,teacher5969@sis.hust.edu.vn,0973892286
5971,Trần Hữu Tân,1,teacher5970@sis.hust.edu.vn,0973892286
5972,Hồ Bảo Huỳnh,1,teacher5971@sis.hust.edu.vn,0973892286
5973,Hồ Kiên Lâm,1,teacher5972@sis.hust.edu.vn,0973892286
5974,Nguyễn Mộng Tuyền,0,teacher5973@sis.hust.edu.vn,0949802218
5975,Trần Khánh Nam,1,teacher5974@sis.hust.edu.vn,0973892286
5976,Phạm Trúc Vy,0,teacher5975@sis.hust.edu.vn,0949802218
5977,Phùng Xuân Vũ,1,teacher5976@sis.hust.edu.vn,0973892286
5978,Đặng Liên Chi,0,teacher5977@sis.hust.edu.vn,0949802218
5979,Dương Hữu Cảnh,1,teacher5978@sis.hust.edu.vn,0973892286
5980,Nguyễn Hồng Vân,0,teacher5979@sis.hust.edu.vn,0949802218
5981,Hồ Thu Yến,0,teacher5980@sis.hust.edu.vn,0949802218
5982,Vũ Nhân Sâm,1,teacher5981@sis.hust.edu.vn,0973892286
5983,Phạm Quang Lộc,1,teacher5982@sis.hust.edu.vn,0973892286
5984,Ngô Trường Sinh,1,teacher5983@sis.hust.edu.vn,0973892286
5985,Lý Bạch Kim,0,teacher5984@sis.hust.edu.vn,0949802218
5986,Nguyễn Hải Mỹ,0,teacher5985@sis.hust.edu.vn,0949802218
5987,Dương Bá Thịnh,1,teacher5986@sis.hust.edu.vn,0973892286
5988,Lý Minh Triệu,1,teacher5987@sis.hust.edu.vn,0973892286
5989,Đinh Khả Khanh,0,teacher5988@sis.hust.edu.vn,0949802218
5990,Dương Mai Nhi,0,teacher5989@sis.hust.edu.vn,0949802218
5991,Lý Mộng Hương,0,teacher5990@sis.hust.edu.vn,0949802218
5992,Phạm Gia Phong,1,teacher5991@sis.hust.edu.vn,0973892286
5993,Lý Trúc Lan,0,teacher5992@sis.hust.edu.vn,0949802218
5994,Đinh Huy Thông,1,teacher5993@sis.hust.edu.vn,0973892286
5995,Phạm Minh Thảo,0,teacher5994@sis.hust.edu.vn,0949802218
5996,Trần Xuân Thảo,0,teacher5995@sis.hust.edu.vn,0949802218
5997,Võ Trung Chuyên,1,teacher5996@sis.hust.edu.vn,0973892286
5998,Ngô Thanh Tuyết,0,teacher5997@sis.hust.edu.vn,0949802218
5999,Phan Uyển My,0,teacher5998@sis.hust.edu.vn,0949802218
6000,Võ Phương Nam,1,teacher5999@sis.hust.edu.vn,0973892286
